Date,Open,High,Low,Close,Volume,Adj Close
2013-05-31,58.89,59.15,57.58,57.58,6990500,56.31
2013-05-30,59.44,59.44,58.79,58.79,3271100,57.50
2013-05-29,59.83,59.88,59.06,59.24,3809200,57.94
2013-05-28,59.71,60.70,59.71,60.21,6267400,58.89
2013-05-24,58.29,59.35,57.96,59.20,4245000,57.90
2013-05-23,58.34,58.70,57.80,58.33,4149800,57.05
2013-05-22,59.44,59.95,58.49,58.70,6008400,57.41
2013-05-21,58.97,59.67,58.96,59.51,4092100,58.20
2013-05-20,59.38,59.44,58.74,58.98,3747800,57.68
2013-05-17,59.33,59.64,59.04,59.44,4130000,58.13
2013-05-16,60.07,60.13,59.09,59.37,5505100,58.06
2013-05-15,59.99,60.66,59.58,60.35,5369100,59.02
2013-05-14,58.50,60.14,58.49,60.07,8427600,58.75
2013-05-13,57.99,58.89,57.85,58.55,6056400,57.26
2013-05-10,57.44,58.07,57.23,58.03,5089300,56.75
2013-05-09,58.31,58.40,57.20,57.49,5697200,56.23
2013-05-08,58.69,58.85,58.12,58.29,5131600,57.01
2013-05-07,57.96,58.60,57.62,58.54,4794800,57.25
2013-05-06,58.42,58.50,57.58,57.94,5150000,56.67
2013-05-03,59.33,59.37,58.50,58.64,4168700,57.35
2013-05-02,58.61,59.05,57.89,58.95,6579800,57.65
2013-05-01,58.97,59.25,58.54,58.75,8112900,57.46
2013-04-30,57.55,58.27,57.45,58.18,6759800,56.90
2013-04-29,57.94,58.00,57.37,57.44,4055800,56.18
2013-04-26,57.85,58.20,57.64,57.73,3997400,56.46
2013-04-25,57.85,58.33,57.68,57.94,6320600,56.67
2013-04-24,57.97,58.32,57.53,57.58,3631900,56.31
2013-04-23,58.23,58.50,57.58,58.02,4272300,56.74
2013-04-22,58.03,58.20,57.35,58.11,3663300,56.83
2013-04-19,57.30,58.13,56.83,58.00,6079600,56.72
2013-04-18,57.25,57.27,56.58,56.87,5519500,55.40
2013-04-17,57.44,57.78,56.99,57.21,7786300,55.73
2013-04-16,56.54,57.70,56.43,57.63,5366700,56.14
2013-04-15,57.33,57.53,56.30,56.31,6120900,54.85
2013-04-12,57.66,57.99,57.17,57.52,4613900,56.03
2013-04-11,57.07,58.29,57.05,57.76,6541300,56.27
2013-04-10,56.60,57.09,56.53,56.96,5629900,55.49
2013-04-09,56.55,57.00,56.13,56.58,5694200,55.12
2013-04-08,55.65,56.44,55.20,56.44,5237600,54.98
2013-04-05,54.83,55.66,54.77,55.64,5724600,54.20
2013-04-04,54.33,55.39,54.30,55.35,5982000,53.92
2013-04-03,55.13,55.20,53.94,54.13,6749200,52.73
2013-04-02,54.53,55.30,54.53,55.24,8002900,53.81
2013-04-01,54.75,54.97,54.33,54.53,5450800,53.12
2013-03-28,54.95,55.06,54.79,54.99,9400700,53.57
2013-03-27,55.05,55.23,54.76,54.99,8530200,53.57
2013-03-26,55.53,56.07,55.26,55.29,7631600,53.86
2013-03-25,55.27,55.64,55.13,55.30,6376600,53.87
2013-03-22,54.72,55.25,54.71,55.20,5230000,53.77
2013-03-21,54.85,55.18,54.61,54.65,7515700,53.24
2013-03-20,54.78,55.35,54.70,55.15,9136300,53.72
2013-03-19,54.00,54.49,53.95,54.38,8983200,52.97
2013-03-18,53.20,54.03,53.03,53.80,7208800,52.41
2013-03-15,53.33,53.61,53.18,53.58,8924700,52.19
2013-03-14,53.07,53.30,52.95,53.26,5796400,51.88
2013-03-13,52.22,52.93,52.17,52.90,4521600,51.53
2013-03-12,52.17,52.50,51.77,52.08,6388500,50.73
2013-03-11,52.27,52.63,52.20,52.63,4622100,51.27
2013-03-08,52.30,52.45,51.84,52.28,3979000,50.93
2013-03-07,52.22,52.22,51.70,52.09,3687800,50.74
2013-03-06,52.58,52.69,52.14,52.22,5022700,50.87
2013-03-05,52.01,52.43,51.87,52.30,5358600,50.95
2013-03-04,51.40,51.87,51.25,51.87,3132800,50.53
2013-03-01,51.07,51.64,50.88,51.56,4565000,50.23
2013-02-28,51.21,51.63,51.05,51.12,6018800,49.80
2013-02-27,50.71,51.26,50.51,51.16,3474600,49.84
2013-02-26,50.71,50.99,50.21,50.64,4128000,49.33
2013-02-25,51.69,51.97,50.53,50.53,4479000,49.22
2013-02-22,51.89,51.94,51.24,51.35,4220200,50.02
2013-02-21,51.72,51.92,51.52,51.86,5439700,50.52
2013-02-20,52.50,52.66,51.85,51.85,6350400,50.51
2013-02-19,51.38,52.77,51.38,52.66,7829300,51.30
2013-02-15,52.10,52.10,50.89,51.12,8490100,49.80
2013-02-14,50.92,52.06,50.92,51.89,5182900,50.55
2013-02-13,51.13,51.19,50.81,51.06,4838000,49.74
2013-02-12,51.26,51.31,51.13,51.17,4304000,49.85
2013-02-11,51.25,51.40,51.17,51.24,3992300,49.91
2013-02-08,51.12,51.39,51.03,51.20,3655900,49.88
2013-02-07,51.32,51.32,50.97,51.19,8371700,49.87
2013-02-06,52.09,52.20,50.97,51.24,7330000,49.91
2013-02-05,51.35,51.78,51.19,51.72,6791300,50.38
2013-02-04,51.42,51.58,50.92,51.00,5143300,49.68
2013-02-01,51.63,51.77,51.53,51.58,5694800,50.25
2013-01-31,51.57,51.69,51.19,51.20,5865600,49.88
2013-01-30,51.30,51.84,51.25,51.65,3961300,50.31
2013-01-29,51.27,51.62,51.13,51.34,6527100,50.01
2013-01-28,51.21,51.64,50.90,51.34,7026100,50.01
2013-01-25,52.32,52.42,51.56,51.86,8773200,50.52
2013-01-24,52.60,52.73,52.04,52.06,6314700,50.71
2013-01-23,51.92,52.63,51.92,52.61,4571400,51.25
2013-01-22,51.84,52.39,51.65,52.11,6231200,50.76
2013-01-18,52.33,52.35,51.89,52.11,5654300,50.54
2013-01-17,51.86,52.42,51.68,52.17,6376600,50.60
2013-01-16,51.61,51.95,51.57,51.76,4190100,50.20
2013-01-15,51.63,51.80,51.43,51.79,5472700,50.23
2013-01-14,51.41,51.94,51.15,51.89,5222300,50.33
2013-01-11,50.93,51.39,50.93,51.30,7209200,49.76
2013-01-10,50.45,51.24,50.45,51.23,6909500,49.69
2013-01-09,50.01,50.28,50.00,50.28,5895200,48.77
2013-01-08,49.94,50.16,49.68,49.85,4708000,48.35
2013-01-07,49.63,50.04,49.44,50.03,5178100,48.53
2013-01-04,49.85,50.10,49.66,49.99,5615700,48.49
2013-01-03,49.55,49.80,49.43,49.78,6082200,48.28
2013-01-02,49.02,49.69,49.00,49.68,8925500,48.19
2012-12-31,47.76,48.45,47.65,48.35,5069500,46.90
2012-12-28,48.12,48.42,47.90,47.92,3420100,46.48
2012-12-27,48.32,48.49,47.96,48.40,3980400,46.94
2012-12-26,48.63,48.88,48.22,48.30,2949000,46.85
2012-12-24,48.48,48.73,48.37,48.63,1516300,47.17
2012-12-21,48.76,49.12,48.16,48.67,11021400,47.21
2012-12-20,48.89,49.21,48.81,49.13,5907700,47.65
2012-12-19,49.26,49.35,48.74,48.75,5632100,47.28
2012-12-18,49.00,49.31,48.81,49.20,7721700,47.72
2012-12-17,49.32,49.41,48.89,49.04,9511400,47.57
2012-12-14,49.00,49.72,48.85,49.24,12003000,47.76
2012-12-13,49.30,49.80,48.17,48.50,16342900,47.04
2012-12-12,47.67,47.81,47.35,47.54,6023900,46.11
2012-12-11,47.36,47.81,47.36,47.55,6821100,46.12
2012-12-10,46.84,47.55,46.84,47.24,5332900,45.82
2012-12-07,46.74,46.90,46.59,46.84,4214500,45.43
2012-12-06,46.28,46.76,46.16,46.71,5960700,45.31
2012-12-05,46.03,46.35,45.81,46.18,5174500,44.79
2012-12-04,46.31,46.38,45.90,45.94,5833700,44.56
2012-12-03,46.53,46.67,46.19,46.28,5705200,44.89
2012-11-30,46.25,46.65,46.15,46.51,11184000,45.11
2012-11-29,46.00,46.39,45.91,46.34,5067100,44.95
2012-11-28,45.16,45.88,45.07,45.88,5896800,44.50
2012-11-27,45.39,45.99,45.22,45.25,5917000,43.89
2012-11-26,45.57,45.70,45.26,45.30,6223400,43.94
2012-11-23,45.78,45.86,45.48,45.83,2598000,44.45
2012-11-21,45.50,45.83,45.35,45.74,4140200,44.36
2012-11-20,45.12,45.57,44.95,45.57,6545200,44.20
2012-11-19,45.08,45.24,44.97,45.08,7706800,43.72
2012-11-16,44.79,45.04,44.33,44.80,9274300,43.45
2012-11-15,45.26,45.53,44.56,44.70,7837700,43.36
2012-11-14,46.26,46.40,45.39,45.41,9395800,44.04
2012-11-13,46.16,46.45,46.02,46.23,8726300,44.84
2012-11-12,46.60,46.93,46.16,46.25,4470200,44.86
2012-11-09,46.26,46.55,46.16,46.36,6476100,44.97
2012-11-08,46.58,46.87,46.28,46.43,6132900,45.03
2012-11-07,46.85,46.93,46.25,46.69,7369800,45.29
2012-11-06,47.66,47.78,45.93,46.88,15814400,45.47
2012-11-05,46.26,46.76,46.26,46.63,7648000,45.23
2012-11-02,46.77,46.91,46.42,46.56,6426800,45.16
2012-11-01,46.47,46.69,46.32,46.49,6273500,45.09
2012-10-31,46.30,46.71,46.04,46.40,7077500,45.00
2012-10-26,46.06,46.25,45.83,46.06,5377100,44.68
2012-10-25,46.30,46.45,45.78,46.11,4665800,44.72
2012-10-24,45.93,46.24,45.90,45.95,4916700,44.57
2012-10-23,45.88,46.10,45.59,45.88,5250100,44.50
2012-10-22,46.13,46.44,45.96,46.26,6876000,44.87
2012-10-19,46.56,46.68,46.06,46.20,7031400,44.81
2012-10-18,46.64,46.80,46.40,46.59,5397100,45.19
2012-10-17,47.12,47.33,46.46,46.65,8428000,45.09
2012-10-16,47.44,47.47,46.80,46.90,6646600,45.33
2012-10-15,47.23,47.23,46.92,47.07,4914000,45.50
2012-10-12,47.49,47.49,46.75,47.08,7482900,45.50
2012-10-11,48.38,48.49,47.55,47.60,6117100,46.01
2012-10-10,48.21,48.49,47.95,48.06,5309100,46.45
2012-10-09,48.51,48.76,47.95,48.02,6021800,46.41
2012-10-08,48.85,48.94,48.63,48.63,4170700,47.00
2012-10-05,49.04,49.23,48.67,48.86,5351600,47.23
2012-10-04,49.02,49.16,48.73,48.88,5251800,47.24
2012-10-03,48.69,48.98,48.31,48.86,5048200,47.23
2012-10-02,48.66,48.91,48.29,48.49,5437100,46.87
2012-10-01,48.51,48.94,48.32,48.67,6956400,47.04
2012-09-28,48.12,48.45,47.90,48.42,6539600,46.80
2012-09-27,47.89,48.45,47.85,48.24,4169100,46.63
2012-09-26,47.57,48.18,47.43,47.83,5220400,46.23
2012-09-25,48.09,48.46,47.55,47.63,7695300,46.04
2012-09-24,47.75,48.21,47.60,48.07,4920100,46.46
2012-09-21,48.10,48.10,47.75,47.87,5834600,46.27
2012-09-20,47.50,47.98,47.49,47.81,5737400,46.21
2012-09-19,47.23,48.15,47.15,47.71,9976700,46.11
2012-09-18,46.82,47.47,46.63,47.40,5874400,45.81
2012-09-17,46.99,47.00,46.59,46.90,4524700,45.33
2012-09-14,47.62,47.62,46.81,46.97,6832900,45.40
2012-09-13,46.41,47.51,46.36,47.45,5991500,45.86
2012-09-12,46.10,46.56,46.10,46.47,4774400,44.92
2012-09-11,46.25,46.40,45.98,46.05,4430600,44.51
2012-09-10,46.04,46.42,45.86,46.19,3781700,44.64
2012-09-07,46.48,46.56,45.84,46.06,5558200,44.52
2012-09-06,46.03,46.82,46.03,46.50,6968900,44.94
2012-09-05,45.85,45.97,45.49,45.53,4645600,44.01
2012-09-04,45.50,46.03,45.43,45.93,5007500,44.39
2012-08-31,45.41,45.82,45.30,45.55,4652900,44.03
2012-08-30,45.38,45.65,45.18,45.20,3204700,43.69
2012-08-29,45.39,45.59,45.19,45.43,3558700,43.91
2012-08-28,45.38,45.70,45.07,45.36,5269000,43.84
2012-08-27,45.48,45.66,45.35,45.44,3519300,43.92
2012-08-24,45.29,45.63,45.24,45.56,5156200,44.04
2012-08-23,45.67,45.70,45.32,45.35,5159200,43.83
2012-08-22,45.53,45.95,45.51,45.70,4395400,44.17
2012-08-21,45.76,45.98,45.47,45.63,6156900,44.10
2012-08-20,45.54,45.86,45.38,45.81,7304300,44.28
2012-08-17,44.93,45.61,44.84,45.31,7326800,43.79
2012-08-16,44.24,44.85,44.10,44.75,7247500,43.25
2012-08-15,44.17,44.65,44.04,44.22,7107900,42.74
2012-08-14,44.83,44.85,43.95,44.12,8584000,42.64
2012-08-13,44.76,44.95,44.39,44.70,5144300,43.20
2012-08-10,44.84,45.02,44.55,44.95,7657000,43.45
2012-08-09,45.45,45.56,44.97,45.02,6960500,43.51
2012-08-08,44.35,45.58,44.27,45.56,10467600,44.04
2012-08-07,45.98,46.00,43.65,44.12,20884300,42.64
2012-08-06,45.01,45.18,44.65,44.90,7472500,43.40
2012-08-03,45.55,45.60,44.39,44.75,9209300,43.25
2012-08-02,44.52,44.93,44.32,44.91,7236100,43.41
2012-08-01,45.55,45.64,43.84,44.84,11536700,43.34
2012-07-31,45.28,45.62,45.19,45.25,5916500,43.74
2012-07-30,44.88,45.35,44.72,45.33,7338500,43.81
2012-07-27,44.83,45.21,44.56,44.94,9688500,43.44
2012-07-26,45.26,45.37,44.47,44.56,7784200,43.07
2012-07-25,44.65,45.07,44.41,44.54,8194000,43.05
2012-07-24,44.83,44.97,44.34,44.59,5745700,43.10
2012-07-23,44.87,45.15,44.45,44.81,8082200,43.31
2012-07-20,45.26,45.50,44.59,45.08,12926600,43.57
2012-07-19,45.98,47.13,45.18,45.43,35934000,43.91
2012-07-18,48.25,48.69,48.11,48.61,6979300,46.83
2012-07-17,48.31,48.57,47.98,48.44,4564100,46.66
2012-07-16,47.89,48.30,47.54,48.07,5049100,46.31
2012-07-13,47.61,48.20,47.45,48.05,5317800,46.29
2012-07-12,46.62,47.85,46.62,47.52,9788700,45.78
2012-07-11,47.12,47.30,46.69,46.90,7167200,45.18
2012-07-10,47.36,47.54,46.80,46.93,6120500,45.21
2012-07-09,47.97,48.00,46.90,47.29,10521300,45.55
2012-07-06,47.82,48.28,47.70,48.12,5727000,46.35
2012-07-05,47.77,48.31,47.64,48.11,6227100,46.34
2012-07-03,47.64,48.09,47.41,47.83,4102200,46.07
2012-07-02,46.89,47.81,46.73,47.81,7665000,46.06
2012-06-29,46.57,46.93,46.32,46.73,7610300,45.02
2012-06-28,45.68,46.00,45.51,45.99,5895800,44.30
2012-06-27,45.59,46.08,45.45,45.99,5367800,44.30
2012-06-26,45.44,45.52,44.91,45.44,5393100,43.77
2012-06-25,45.62,45.74,44.86,45.20,4750200,43.54
2012-06-22,45.70,46.02,45.61,45.90,13491500,44.22
2012-06-21,46.06,46.25,45.38,45.39,8466400,43.72
2012-06-20,46.30,46.42,45.84,45.99,5429900,44.30
2012-06-19,45.92,46.41,45.85,46.25,7607800,44.55
2012-06-18,45.54,45.89,45.32,45.67,7135300,43.99
2012-06-15,45.95,46.10,45.32,45.65,10696300,43.97
2012-06-14,45.38,46.07,45.38,45.81,6261400,44.13
2012-06-13,45.36,45.70,44.94,45.19,4944200,43.53
2012-06-12,44.77,45.47,44.39,45.39,6837700,43.72
2012-06-11,45.07,45.13,44.67,44.73,4419800,43.09
2012-06-08,44.41,44.89,44.32,44.89,4458600,43.24
2012-06-07,45.18,45.19,44.43,44.45,5993300,42.82
2012-06-06,44.20,44.84,44.14,44.84,7271800,43.19
2012-06-05,44.01,44.10,43.79,44.03,4689200,42.41
2012-06-04,43.61,44.15,43.30,44.11,8382000,42.49
2012-06-01,45.40,45.40,43.43,43.60,10176600,42.00
2012-05-31,45.42,45.49,44.75,44.94,10336600,43.29
2012-05-30,45.33,45.59,45.24,45.33,9803200,43.67
2012-05-29,45.17,45.71,45.17,45.64,7441900,43.97
2012-05-25,45.21,45.30,44.87,44.98,7594600,43.33
2012-05-24,44.93,45.54,44.83,45.17,8064200,43.51
2012-05-23,44.62,44.95,44.39,44.79,5957300,43.15
2012-05-22,44.89,45.43,44.73,44.94,5173300,43.29
2012-05-21,44.56,44.92,44.47,44.88,8097600,43.23
2012-05-18,44.87,45.21,44.38,44.43,14389400,42.80
2012-05-17,45.01,45.48,44.85,44.87,9659500,43.22
2012-05-16,45.38,45.75,45.15,45.16,6994000,43.50
2012-05-15,45.07,45.63,44.88,45.32,6053700,43.66
2012-05-14,45.11,45.25,44.91,45.12,7627200,43.46
2012-05-11,45.86,46.20,45.28,45.32,7779700,43.66
2012-05-10,45.49,46.00,45.39,45.97,8027300,44.28
2012-05-09,44.95,45.46,44.85,45.23,7271100,43.57
2012-05-08,45.00,45.41,44.69,45.27,8925500,43.61
2012-05-07,45.39,45.53,45.04,45.26,7084000,43.60
2012-05-04,46.00,46.13,45.24,45.42,7132500,43.75
2012-05-03,45.81,46.22,45.66,46.14,9118900,44.45
2012-05-02,45.39,46.12,44.96,45.92,13888300,44.23
2012-05-01,44.60,45.20,44.34,44.71,7760300,43.07
2012-04-30,44.90,45.14,44.49,44.62,7285500,42.98
2012-04-27,44.74,45.24,44.67,44.88,11467200,43.23
2012-04-26,43.82,44.76,43.80,44.58,6672600,42.94
2012-04-25,43.61,44.00,43.57,43.80,5822800,42.19
2012-04-24,43.19,43.54,43.08,43.42,6091500,41.83
2012-04-23,43.86,44.01,43.11,43.25,7631600,41.66
2012-04-20,43.45,44.49,43.45,44.33,10197000,42.70
2012-04-19,43.59,44.06,43.33,43.33,11422400,41.74
2012-04-18,43.83,44.13,43.59,43.60,8148000,41.84
2012-04-17,43.76,44.31,43.75,43.94,9334400,42.17
2012-04-16,43.44,43.72,43.25,43.61,7686200,41.85
2012-04-13,43.51,43.68,43.30,43.43,10255100,41.68
2012-04-12,43.76,43.92,43.43,43.48,8110200,41.73
2012-04-11,43.94,44.25,43.64,43.75,7212200,41.99
2012-04-10,43.79,44.09,43.51,43.53,7765400,41.78
2012-04-09,44.17,44.17,43.66,43.94,5594400,42.17
2012-04-05,44.10,44.72,44.07,44.62,5284800,42.82
2012-04-04,44.58,44.77,44.26,44.31,5261700,42.52
2012-04-03,44.90,45.14,44.51,44.91,7292500,43.10
2012-04-02,44.20,45.19,44.15,45.07,6820300,43.25
2012-03-30,44.59,45.00,44.45,44.80,7532400,42.99
2012-03-29,44.42,44.50,43.93,44.29,7511500,42.51
2012-03-28,45.20,45.43,44.51,44.60,9260000,42.80
2012-03-27,45.75,45.88,45.32,45.34,4946700,43.51
2012-03-26,45.35,45.72,45.33,45.65,5341000,43.81
2012-03-23,44.70,45.24,44.48,45.14,4506800,43.32
2012-03-22,44.77,44.90,44.49,44.75,3971700,42.95
2012-03-21,44.70,45.12,44.49,44.91,5169300,43.10
2012-03-20,44.76,44.97,44.67,44.68,6472000,42.88
2012-03-19,45.14,45.40,44.96,45.13,4597500,43.31
2012-03-16,45.00,45.49,44.96,45.28,11971500,43.46
2012-03-15,45.05,45.20,44.80,44.88,6605500,43.07
2012-03-14,45.11,45.23,44.98,45.10,6449000,43.28
2012-03-13,45.15,45.27,44.53,45.23,8891600,43.41
2012-03-12,45.77,45.77,45.16,45.36,4355000,43.53
2012-03-09,45.39,45.71,45.14,45.64,5863500,43.80
2012-03-08,45.07,45.36,44.88,45.21,5267300,43.39
2012-03-07,45.03,45.03,44.65,44.71,5445800,42.91
2012-03-06,45.11,45.19,44.75,44.79,5756600,42.99
2012-03-05,44.98,45.34,44.83,45.17,7210600,43.35
2012-03-02,45.20,45.33,45.00,45.03,5150400,43.22
2012-03-01,45.07,45.39,44.82,45.21,6995100,43.39
2012-02-29,44.91,45.36,44.77,45.10,10875700,43.28
2012-02-28,44.24,44.97,44.00,44.91,7143700,43.10
2012-02-27,43.72,44.77,43.72,44.53,6731400,42.74
2012-02-24,44.07,44.22,43.78,44.07,7222800,42.29
2012-02-23,43.65,44.12,43.63,44.04,6537300,42.27
2012-02-22,43.94,44.20,43.55,43.69,4715500,41.93
2012-02-21,44.47,44.50,43.89,44.01,6257400,42.24
2012-02-17,44.96,45.00,44.23,44.27,8501900,42.49
2012-02-16,43.58,44.56,43.56,44.55,10363200,42.75
2012-02-15,43.53,43.97,43.40,43.53,8186100,41.78
2012-02-14,42.45,43.38,42.43,43.38,5727500,41.63
2012-02-13,43.26,43.44,42.83,42.83,6060400,41.10
2012-02-10,42.92,43.18,42.70,43.18,6481800,41.44
2012-02-09,43.26,43.72,42.76,43.00,11311200,41.27
2012-02-08,43.58,44.09,42.68,43.57,10663300,41.81
2012-02-07,43.40,43.50,43.00,43.08,9553900,41.34
2012-02-06,43.26,43.86,43.11,43.27,8651600,41.53
2012-02-03,42.97,43.98,42.90,43.51,12565600,41.76
2012-02-02,42.54,42.96,42.46,42.66,5131600,40.94
2012-02-01,41.98,43.04,41.93,42.65,8231800,40.93
2012-01-31,41.97,41.99,41.57,41.75,6599600,40.07
2012-01-30,42.00,42.04,41.48,41.92,5000500,40.23
2012-01-27,41.96,42.38,41.75,42.26,5131100,40.56
2012-01-26,42.27,42.54,41.95,42.18,6933200,40.48
2012-01-25,42.26,42.43,41.93,42.18,10708800,40.48
2012-01-24,42.72,42.84,42.36,42.44,5404100,40.73
2012-01-23,42.82,43.15,42.70,43.02,6733600,41.29
2012-01-20,43.10,43.12,42.43,42.77,8374100,41.05
2012-01-19,43.15,43.17,42.58,42.88,10069800,41.15
2012-01-18,42.41,43.11,42.18,43.10,8671200,41.21
2012-01-17,42.32,42.69,42.27,42.54,6444600,40.67
2012-01-13,41.97,42.20,41.65,42.15,5197300,40.30
2012-01-12,42.00,42.40,41.92,42.15,6952100,40.30
2012-01-11,41.80,42.08,41.72,42.04,7473600,40.19
2012-01-10,42.00,42.19,41.79,41.95,8729900,40.11
2012-01-09,41.28,41.86,41.21,41.79,5165600,39.95
2012-01-06,41.76,41.77,41.32,41.46,5602400,39.64
2012-01-05,41.67,41.78,41.14,41.75,8443000,39.92
2012-01-04,41.29,41.85,41.01,41.80,9197300,39.96
2012-01-03,41.30,41.72,41.19,41.52,9389800,39.70
2011-12-30,41.14,41.24,40.78,40.78,6213200,38.99
2011-12-29,41.19,41.35,40.93,41.16,3677700,39.35
2011-12-28,40.89,41.33,40.89,41.04,5182400,39.24
2011-12-27,40.81,41.30,40.60,41.01,5282000,39.21
2011-12-23,41.24,41.24,40.65,40.99,6713300,39.19
2011-12-22,40.41,41.19,40.29,40.96,10261900,39.16
2011-12-21,39.53,40.59,39.44,40.46,19554300,38.68
2011-12-20,38.02,39.97,37.81,39.80,25423000,38.05
2011-12-19,37.63,37.97,36.44,36.56,12202100,34.95
2011-12-16,37.61,37.93,37.54,37.55,17866400,35.90
2011-12-15,37.42,37.61,37.23,37.30,8198500,35.66
2011-12-14,37.67,38.02,36.98,37.04,8778000,35.41
2011-12-13,38.21,38.50,37.56,37.69,9866700,36.03
2011-12-12,38.28,38.28,37.76,38.15,7361800,36.47
2011-12-09,37.90,38.51,37.89,38.37,6229000,36.68
2011-12-08,38.07,38.44,37.61,37.70,8072000,36.04
2011-12-07,38.31,38.50,37.88,38.32,8656000,36.64
2011-12-06,38.23,38.45,38.06,38.27,6176200,36.59
2011-12-05,38.65,38.75,38.19,38.33,8308500,36.65
2011-12-02,38.72,38.81,38.20,38.29,9786500,36.61
2011-12-01,38.66,39.12,38.39,38.48,9832200,36.79
2011-11-30,38.67,39.30,38.62,38.84,13872900,37.13
2011-11-29,37.68,37.84,37.41,37.68,6237400,36.02
2011-11-28,37.60,37.87,37.12,37.38,9328200,35.74
2011-11-25,36.92,37.23,36.85,36.85,4440800,35.23
2011-11-23,37.42,37.52,36.91,37.04,11799700,35.41
2011-11-22,37.59,38.07,37.53,37.60,7906300,35.95
2011-11-21,37.78,38.15,37.56,37.72,11052900,36.06
2011-11-18,38.54,38.62,37.95,38.16,11573800,36.48
2011-11-17,38.34,38.88,38.15,38.48,9499600,36.79
2011-11-16,38.58,39.03,38.44,38.48,9365000,36.79
2011-11-15,38.83,39.25,38.69,38.95,7521400,37.24
2011-11-14,39.02,39.26,38.58,38.77,7651400,37.07
2011-11-11,38.87,39.40,38.78,39.24,7942400,37.52
2011-11-10,38.65,38.95,38.00,38.50,9947800,36.81
2011-11-09,38.07,38.97,37.56,38.39,13900500,36.70
2011-11-08,38.25,39.08,38.05,39.04,18018000,37.33
2011-11-07,38.05,38.35,37.75,38.23,11652500,36.55
2011-11-04,37.31,38.10,37.03,38.02,15695500,36.35
2011-11-03,36.97,37.42,36.77,37.31,18324000,35.67
2011-11-02,35.95,36.09,35.57,35.77,8569300,34.20
2011-11-01,35.42,35.89,35.09,35.45,10089500,33.89
2011-10-31,36.32,36.84,36.26,36.33,7509700,34.73
2011-10-28,37.12,37.36,36.68,36.84,7706900,35.22
2011-10-27,36.82,37.50,36.64,37.28,13610900,35.64
2011-10-26,36.06,36.34,35.58,36.22,12946400,34.63
2011-10-25,35.49,36.10,35.49,35.70,7641900,34.13
2011-10-24,35.57,36.00,35.45,35.81,6233800,34.24
2011-10-21,35.14,35.55,35.05,35.55,9348000,33.99
2011-10-20,34.79,34.95,34.28,34.78,8323200,33.25
2011-10-19,34.86,35.21,34.63,34.72,9288700,33.19
2011-10-18,34.70,35.27,34.64,35.15,9246400,33.49
2011-10-17,34.90,35.21,34.65,34.79,6849400,33.14
2011-10-14,35.11,35.18,34.74,35.13,6919200,33.47
2011-10-13,34.44,34.79,34.40,34.70,7503900,33.06
2011-10-12,34.49,35.01,34.38,34.67,9054300,33.03
2011-10-11,34.26,34.47,34.05,34.37,20192300,32.74
2011-10-10,34.24,34.56,34.16,34.35,6295100,32.72
2011-10-07,33.92,34.07,33.62,33.78,8338100,32.18
2011-10-06,33.13,33.79,33.13,33.75,11177000,32.15
2011-10-05,33.14,33.43,32.71,33.27,14316400,31.70
2011-10-04,32.60,33.04,32.28,33.00,20300000,31.44
2011-10-03,33.51,33.87,32.95,32.97,17712400,31.41
2011-09-30,33.68,34.18,33.50,33.59,11725500,32.00
2011-09-29,34.50,34.51,33.44,34.08,10468300,32.47
2011-09-28,34.70,35.00,33.95,34.02,13241900,32.41
2011-09-27,34.91,35.43,34.31,34.69,16772700,33.05
2011-09-26,34.21,34.48,33.88,34.40,7557300,32.77
2011-09-23,34.29,34.51,33.89,34.13,13772600,32.51
2011-09-22,34.33,34.88,34.19,34.61,15450300,32.97
2011-09-21,35.74,36.17,35.30,35.33,8727700,33.66
2011-09-20,35.89,36.34,35.57,35.81,11193400,34.12
2011-09-19,35.75,35.99,35.45,35.69,10584300,34.00
2011-09-16,37.12,37.21,36.17,36.22,14872400,34.51
2011-09-15,36.90,37.18,36.39,36.90,13947800,35.15
2011-09-14,36.63,37.04,36.34,36.67,13832500,34.93
2011-09-13,36.52,36.71,36.35,36.56,12029600,34.83
2011-09-12,36.04,36.84,36.02,36.78,8952000,35.04
2011-09-09,36.69,36.80,36.06,36.50,13548200,34.77
2011-09-08,36.72,37.46,36.51,37.02,8618800,35.27
2011-09-07,36.17,37.03,36.16,37.03,10271100,35.28
2011-09-06,34.43,35.86,34.26,35.81,11303700,34.12
2011-09-02,35.59,36.08,35.38,35.43,9795900,33.75
2011-09-01,35.85,36.37,35.77,35.78,8056500,34.09
2011-08-31,35.83,36.32,35.66,35.91,8120400,34.21
2011-08-30,35.42,36.00,35.21,35.76,9001400,34.07
2011-08-29,34.75,35.58,34.61,35.55,6822100,33.87
2011-08-26,33.82,34.62,33.14,34.34,8569100,32.71
2011-08-25,34.59,34.90,33.89,33.97,9072600,32.36
2011-08-24,33.80,34.50,33.73,34.44,11902000,32.81
2011-08-23,32.26,33.40,32.18,33.39,10228100,31.81
2011-08-22,33.05,33.10,32.14,32.21,9898500,30.69
2011-08-19,32.50,33.16,32.35,32.37,10449800,30.84
2011-08-18,33.71,33.73,32.54,32.95,12262400,31.39
2011-08-17,33.91,34.76,33.87,34.38,8737100,32.75
2011-08-16,33.62,34.16,33.54,33.80,9636900,32.20
2011-08-15,33.42,34.00,33.21,34.00,7881400,32.39
2011-08-12,33.46,33.70,32.90,33.25,10450200,31.68
2011-08-11,31.79,33.61,31.79,33.26,13133400,31.69
2011-08-10,32.69,33.08,31.82,32.06,14727700,30.54
2011-08-09,32.75,33.26,31.30,33.23,20834700,31.66
2011-08-08,33.11,33.65,32.30,32.31,16815300,30.78
2011-08-05,34.35,34.50,33.25,34.15,16941100,32.53
2011-08-04,35.37,35.58,34.00,34.00,20281200,32.39
2011-08-03,36.34,36.43,35.55,36.21,12029800,34.50
2011-08-02,36.35,36.96,36.25,36.35,12410100,34.63
2011-08-01,36.78,37.16,36.23,36.68,11393400,34.94
2011-07-29,36.07,36.54,35.97,36.35,8812700,34.63
2011-07-28,36.02,36.84,36.01,36.42,8919400,34.70
2011-07-27,36.71,36.86,35.98,36.06,10394500,34.35
2011-07-26,37.26,37.27,36.80,36.86,6365700,35.12
2011-07-25,37.12,37.31,36.95,37.06,5090700,35.31
2011-07-22,37.88,38.00,37.30,37.35,9280200,35.58
2011-07-21,37.86,38.82,37.50,37.82,25907700,36.03
2011-07-20,36.86,37.10,36.71,36.95,4815200,35.20
2011-07-19,36.80,37.19,36.68,37.12,6626500,35.24
2011-07-18,36.71,36.75,36.35,36.74,5875300,34.88
2011-07-15,37.03,37.09,36.54,36.82,5798600,34.96
2011-07-14,37.30,37.46,36.88,36.97,6113700,35.10
2011-07-13,37.58,37.68,37.15,37.30,5727500,35.42
2011-07-12,37.32,37.93,37.26,37.37,6739000,35.48
2011-07-11,37.61,37.91,37.28,37.44,7548400,35.55
2011-07-08,38.01,38.15,37.76,38.10,6043200,36.17
2011-07-07,38.06,38.70,38.02,38.54,6997700,36.59
2011-07-06,37.84,38.00,37.64,37.76,6278200,35.85
2011-07-05,37.84,37.92,37.50,37.69,4724100,35.79
2011-07-01,37.65,38.03,37.32,37.97,6540100,36.05
2011-06-30,37.01,37.64,36.88,37.58,6429800,35.68
2011-06-29,36.68,37.07,36.65,36.89,5150000,35.03
2011-06-28,36.71,36.77,36.43,36.70,4856800,34.85
2011-06-27,36.47,36.72,36.11,36.52,7589800,34.67
2011-06-24,36.92,37.07,36.29,36.42,11444800,34.58
2011-06-23,37.13,37.13,36.47,36.82,12646500,34.96
2011-06-22,37.67,37.98,37.44,37.45,7443800,35.56
2011-06-21,38.03,38.12,37.70,37.83,10691900,35.92
2011-06-20,37.25,37.75,37.17,37.49,6372300,35.60
2011-06-17,37.59,37.64,37.18,37.33,8389600,35.44
2011-06-16,37.24,37.66,37.18,37.34,9242600,35.45
2011-06-15,37.63,37.86,36.99,37.16,10061600,35.28
2011-06-14,37.77,38.00,37.62,37.91,5614000,35.99
2011-06-13,37.30,37.60,37.12,37.31,4728100,35.42
2011-06-10,37.56,37.70,37.20,37.21,5917600,35.33
2011-06-09,37.61,37.97,37.46,37.75,5239300,35.84
2011-06-08,37.15,37.74,37.15,37.51,7311500,35.61
2011-06-07,37.39,37.67,37.31,37.37,8675300,35.48
2011-06-06,37.86,38.04,37.15,37.25,12911600,35.37
2011-06-03,38.15,38.40,37.87,37.97,9741500,36.05
2011-06-02,38.37,38.60,38.26,38.53,12744100,36.58
2011-06-01,38.64,38.99,38.25,38.38,9061000,36.44
